title,skills,equipment,time,instructions,additional_info,benefits,difficulty,category,week_number,suggested_image_type
"Lightning Pass Relay","[""Passing"",""Defensive stance & footwork""]","[""cones"",""markers""]","10 minutes","Set up two parallel lines of 4 cones each, 10 feet apart, forming two lanes across half the court. Split players into two even teams, each lined up behind the first cone of their lane. The first player in each line starts in a defensive stance, holding a basketball. On the coach's whistle, they slide sideways through the cones, staying low, and make a crisp chest pass to the next teammate at the end of the lane. The receiving player catches, assumes a defensive stance, and slides back through the cones to pass to the next player. Continue until all players complete the circuit. Run 4 rounds, switching to bounce passes for the final two rounds. The first team to finish each round earns a point. Encourage quick, accurate passes and low stances.","Use markers to outline lanes for clarity. For younger players (8–10), reduce cones to 3 per lane and shorten the distance to 8 feet. Coaches should monitor stance height and passing form, ensuring players don't stand upright. For older players (12–14), add a time limit per round (e.g., 30 seconds) to increase urgency. Ensure teams are balanced in skill to keep the relay competitive. If space is limited, use one lane and alternate teams. Clear the court of extra balls to avoid distractions.","This drill enhances passing accuracy and speed, teaching players to deliver precise chest and bounce passes under movement. It also strengthens defensive stance and lateral footwork, improving agility and balance when guarding opponents or navigating tight game situations.","Basic","Drill",24,"Action shot of players sliding through cones and passing"
"Star Shot Challenge","[""Shooting"",""Rebounding""]","[""markers"",""chairs""]","12 minutes","Place 5 markers in a star pattern around the key: one at the free-throw line, two at the wings (15 feet from the basket), and two at the baseline corners (10 feet out). Set a chair at each marker to act as a pivot point. Divide players into two teams. Each player takes a shot from the first marker, pivots around the chair, and rebounds their own shot before running to the next marker in the star pattern. After completing all 5 shots, they pass to the next teammate. Teams track made baskets; the team with the most makes after 3 rounds wins. Encourage proper shooting form (knees bent, elbow in) and quick rebounding effort. Alternate teams at the same basket to save space.","For younger players (8–10), move markers closer to the basket (e.g., 8–12 feet) and use a lower hoop if available. Coaches should ensure players pivot correctly around chairs and don't skip markers. For older players (12–14), add a 20-second shot clock per player to increase pressure. Set chairs firmly to avoid tipping. If rebounding is slow, assign one player per team as a dedicated rebounder to keep the drill moving. Ensure teams cheer for teammates to boost engagement. Use tape or flat markers to avoid tripping hazards.","This drill sharpens shooting accuracy from multiple angles, helping players develop consistent form under fatigue. It also improves rebounding instincts, teaching players to chase the ball quickly and secure possession, which translates to better offensive and defensive rebounding in games.","Intermediate","Drill",25,"Diagram of star-pattern markers with player shooting paths"
"Dribble Switch Maze","[""Dribbling"",""Defensive stance & footwork""]","[""cones""]","10 minutes","Set up 6 cones in a rectangular grid (3 rows, 2 columns) across half the court, with 8 feet between each cone. Divide players into pairs. One player dribbles while the other mirrors their movements in a defensive stance, staying within the grid. The dribbler weaves through the cones, switching hands (e.g., right to left) at each cone, aiming to keep the ball controlled and eyes up. The defender slides laterally, maintaining a low stance and trying to stay in front without stealing. After 30 seconds, players switch roles. Run 5 rounds, with each round increasing speed slightly. Pairs compete to complete the most clean runs (no dropped balls or missed cones). Coaches should emphasize quick hand switches and proper defensive posture.","For younger players (8–10), reduce to 4 cones in a 2x2 grid and allow slower pacing. For older players (12–14), add a rule where dribblers must perform a crossover or hesitation move at each cone. Ensure cones are spaced evenly to avoid confusion. Coaches should position themselves to observe hand switches and stance form, correcting upright postures. If pairs are uneven in skill, match players of similar ability to maintain challenge. Clear extra balls from the court to prevent distractions. Encourage defenders to stay active but not overly aggressive to keep the focus on footwork.","This drill enhances dribbling precision and hand-switching speed, enabling players to navigate tight spaces in games. It also improves defensive stance endurance and lateral quickness, helping players stay balanced and responsive when guarding opponents.","Advanced","Drill",26,"Action shot of a player dribbling through cones with a defender mirroring"
"Dribble Tag Sprint","[""Dribbling"",""Defensive stance & footwork""]","[""cones""]","8 minutes","Set up 4 cones to form a 20x20-foot square on the court. Assign one player as the 'tagger' who maintains a defensive stance and slides to tag others. The remaining players dribble within the square, keeping the ball low and controlled. If tagged, a player does 5 push-ups and rejoins. Every 60 seconds, switch the tagger. Run 4 rounds, encouraging dribblers to use both hands and change direction quickly. The tagger must stay low and avoid lunging. Coaches ensure players keep their eyes up while dribbling and maintain proper defensive form. The drill ends with a final 30-second round where everyone dribbles with their non-dominant hand.","For younger players, shrink the square to 15x15 feet. For older players, add a second tagger to increase pressure. Ensure the court is clear of extra balls to avoid tripping. Coaches should monitor the tagger's stance to prevent standing upright. Pair players of similar speed for fairness if splitting into groups. Use cones to clearly mark boundaries, and consider tape for indoor courts. A variation is to require dribblers to perform a crossover before re-entering after being tagged.","This drill boosts dribbling control under pressure, teaching players to protect the ball in tight spaces. It also enhances defensive stance and lateral movement, improving players' ability to stay balanced and quick when guarding opponents in games.","Intermediate","Drill",1,"Action shot of players dribbling in a square with a tagger"
"Pop-Out Pass Race","[""Passing"",""Shooting""]","[""markers""]","10 minutes","Place 3 markers in a semi-circle 12 feet from the basket, one at the top of the key and two at the wings. Split players into two teams, each starting at the baseline. The first player from each team sprints to the first marker, receives a chest pass from a coach at the free-throw line, and makes a jump shot. After shooting, they rebound their ball, pass it back to the coach, and sprint to the next marker. After all 3 shots, they pass to the next teammate at the baseline. The first team to complete 3 rounds wins. Emphasize quick, accurate passes and proper shooting form.","For ages 8–10, move markers to 8 feet from the basket. For ages 12–14, use bounce passes instead of chest passes. Coaches should stand centrally to ensure clean passes. If a team has fewer players, allow one player to go twice. Use flat markers to avoid tripping. A variation is to require a pivot before shooting for older players. Ensure players call for the ball to practice communication. Clear extra equipment to maintain focus.","This drill improves passing accuracy and speed, helping players deliver crisp passes under movement. It also enhances shooting consistency from mid-range, teaching proper form and follow-through, which boosts scoring reliability in games.","Basic","Drill",2,"Diagram of semi-circle markers with player paths"
"Rebound Rush Relay","[""Rebounding"",""Defensive stance & footwork""]","[""chairs""]","9 minutes","Set up two chairs 5 feet from the basket, one on each side of the key. Divide players into two teams, lined up at the baseline. The first player from each team sprints to their chair, assumes a defensive stance, and slides around it twice before rushing to the basket. The coach tosses a ball off the backboard; the player jumps to grab the rebound, lands, and pivots to pass to the next teammate. The relay continues until all players finish. Run 3 rounds, with the fastest team winning. Encourage high jumps and secure grip on rebounds, plus low stances during slides.","For younger players, place chairs 3 feet from the basket and toss the ball lower. For older players, add a second slide around the chair. Secure chairs to prevent tipping. Coaches should toss consistently to ensure fairness. If space is tight, run one team at a time. A variation is to require a outlet pass to a coach at half-court. Ensure players don't shove during rebounds. Use a whistle to start each pair.","This drill strengthens rebounding technique, teaching players to time jumps and secure the ball. It also improves defensive stance and footwork, enhancing lateral agility for better positioning in games.","Intermediate","Drill",3,"Action shot of a player rebounding under the basket"
"Crossover Cone Weave","[""Dribbling"",""Shooting""]","[""cones""]","11 minutes","Arrange 5 cones in a straight line, 6 feet apart, from the baseline to the free-throw line. Players line up at the baseline, each with a ball. The first player dribbles to each cone, performing a crossover move (switching hands) while keeping the ball low. At the final cone, they take a jump shot from the free-throw line, rebound their shot, and dribble back to pass to the next player. Run 4 rounds, switching to a behind-the-back move for the last round. The goal is clean crossovers and made shots. Coaches correct sloppy dribbling and ensure proper shooting form.","For ages 8–10, reduce to 3 cones and allow simpler hand switches. For ages 12–14, require a hesitation move before the shot. Space cones evenly to maintain flow. Coaches should watch for traveling violations during crossovers. If players struggle with rebounds, assign a rebounder. A variation is to time each player's run for competition. Ensure the court is clear of obstacles. Encourage players to stay low during dribbling.","This drill enhances dribbling control and creativity, helping players execute advanced moves like crossovers in games. It also improves shooting accuracy after movement, building confidence in transition scoring situations.","Advanced","Drill",4,"Diagram of cone line with player dribbling path"
"Defensive Slide Shooter","[""Defensive stance & footwork"",""Shooting""]","[""markers""]","10 minutes","Place 4 markers in a zigzag pattern across the key, 8 feet apart. Pair players: one is the shooter, the other the defender. The shooter starts at the first marker, while the defender begins in a low stance 3 feet away. The defender slides to each marker, staying low and facing the shooter, who dribbles to match the defender's pace. At the final marker, the shooter takes a jump shot, and the defender contests without fouling. Switch roles after each run. Run 5 rounds, tracking made shots. Emphasize defensive footwork (no crossing feet) and shooter's balance.","For younger players, shorten the distance to 5 feet between markers. For older players, add a crossover requirement for the shooter. Ensure markers are flat to avoid tripping. Coaches should correct upright stances and ensure defenders don't reach excessively. Pair players of similar height for balance. A variation is to allow the defender to attempt a block in the last round. Clear extra balls to maintain focus. Use a whistle to start each pair.","This drill improves defensive stance endurance and lateral quickness, helping players guard effectively. It also enhances shooting under pressure, teaching players to maintain form against active defenders, which is critical in game scenarios.","Intermediate","Drill",5,"Action shot of a defender sliding with a shooter"
"Pass and Pivot Dash","[""Passing"",""Rebounding""]","[""cones"",""chairs""]","9 minutes","Set up 3 cones in a triangle, 10 feet apart, near the baseline. Place a chair 5 feet from the basket. Divide players into groups of three. Player 1 starts at the first cone with a ball, passes to Player 2 at the second cone, who pivots and passes to Player 3 at the third cone. Player 3 dribbles to the chair, pivots around it, and shoots a layup. The shooter rebounds their shot and passes back to Player 1, who restarts the cycle. Rotate positions after each run. Run 4 rounds, aiming for quick passes and clean rebounds.","For ages 8–10, use chest passes and move the chair closer. For ages 12–14, require bounce passes and a jump stop before the layup. Ensure chairs are stable. Coaches should monitor pivot footwork and rebound effort. If groups are uneven, one player can act as a passer twice. A variation is to add a time limit per cycle. Use cones to mark clear passing lanes. Encourage vocal communication during passes.","This drill sharpens passing accuracy and timing, helping players deliver reliable passes in motion. It also improves rebounding technique, teaching players to secure the ball after shots, enhancing second-chance opportunities in games.","Basic","Drill",6,"Diagram of triangle passing setup with chair"
"Box Out Battle","[""Rebounding"",""Defensive stance & footwork""]","[""markers""]","12 minutes","Mark a 10x10-foot square under the basket with 4 markers. Pair players: one is the rebounder, the other the defender. The coach shoots from the free-throw line, intentionally missing. The rebounder tries to grab the ball, while the defender boxes out, maintaining a low stance and pushing back with their hips. If the rebounder gets the ball, they score a layup; if the defender holds them off for 5 seconds, they win the rep. Switch roles after each shot. Run 6 rounds, with 3 shots per round. Emphasize wide stances and active hands for rebounding, plus strong box-out positioning.","For younger players, shrink the square to 8x8 feet and use softer shots. For older players, allow light contact to simulate game intensity. Ensure markers are visible but flat. Coaches should monitor for illegal pushing. Pair players of similar size for fairness. A variation is to add a second rebounder for chaos. Clear the area of extra equipment. Encourage players to call 'box' to reinforce the habit.","This drill strengthens rebounding tenacity, teaching players to fight for position and secure the ball. It also improves defensive stance and physicality, helping players maintain strong positioning to prevent opponents from grabbing rebounds in games.","Advanced","Drill",7,"Action shot of a defender boxing out a rebounder"
"Dribble Freeze Shoot","[""Dribbling"",""Shooting""]","[""cones""]","10 minutes","Set up 4 cones in a diamond shape around the key, 10 feet apart. Players start at the baseline with a ball. On the coach's whistle, they dribble through the cones in a figure-eight pattern, using both hands and keeping the ball low. When the coach yells 'Freeze,' players stop, square up, and take a jump shot from their position. They rebound their shot and resume dribbling. Run 5 rounds, each lasting 90 seconds, with 2–3 freeze calls per round. The goal is controlled dribbling and quick shooting form. Coaches ensure players stop instantly and maintain balance during shots.","For ages 8–10, reduce to 3 cones and allow simpler dribbling. For ages 12–14, require a spin move at each cone. Ensure cones are evenly spaced. Coaches should vary freeze timing to keep players alert. If shooting is inconsistent, focus on form over distance. A variation is to award points for made shots. Clear extra balls to avoid distractions. Encourage players to stay low and keep eyes up.","This drill improves dribbling control and adaptability, helping players handle the ball in dynamic situations. It also enhances shooting under pressure, teaching quick transitions to balanced shooting form, which is vital for fast-break scenarios.","Intermediate","Drill",8,"Diagram of diamond cone setup with player paths"
"Quick Pass Gauntlet","[""Passing"",""Defensive stance & footwork""]","[""chairs""]","8 minutes","Line up 3 chairs in a straight line, 10 feet apart, from the baseline to midcourt. Divide players into groups of four. One player starts with the ball, facing a teammate 5 feet away at the first chair. Two defenders, in defensive stances, stand by the second and third chairs. The ball handler passes to their teammate, who catches and passes back while the first defender slides to block the passing lane. After passing, both players advance to the next chair, repeating against the second defender. Complete 3 passes to finish. Run 4 rounds, rotating roles. Emphasize sharp passes and low defender stances.","For younger players, reduce to 2 chairs and use chest passes. For older players, require one-handed passes. Ensure chairs are stable. Coaches should correct lazy passes and upright stances. Group players by skill level for balance. A variation is to time each group's run. Clear the court of extra equipment. Encourage players to communicate during passes. Use a whistle to start each group.","This drill sharpens passing precision under defensive pressure, teaching players to find open lanes. It also improves defensive stance and anticipation, helping players disrupt passing plays and stay agile in games.","Basic","Drill",9,"Action shot of players passing with defenders at chairs"
"Layup Line Switch","[""Shooting"",""Rebounding""]","[""markers""]","11 minutes","Place 2 markers 10 feet from the basket, one on each wing. Split players into two lines at each marker. The first player in the left line dribbles toward the basket for a right-handed layup, while the first player in the right line rebounds. After the shot, the rebounder passes to the next player in the left line, and the shooter switches to the right line. Alternate sides, with the right line shooting left-handed layups. Run 4 rounds, each lasting 2 minutes. Emphasize proper layup form (high jump, soft touch) and quick rebounding effort. Track made layups for team competition.","For ages 8–10, move markers to 6 feet and allow two-handed layups. For ages 12–14, require a Euro step before the layup. Ensure markers are flat. Coaches should monitor footwork and rebound positioning. If lines are uneven, adjust player rotations. A variation is to add a defender at the basket. Clear extra balls to maintain pace. Encourage players to cheer for teammates.","This drill improves layup accuracy and finishing under pressure, helping players score in traffic. It also enhances rebounding instincts, teaching quick recovery and positioning for second-chance opportunities in games.","Basic","Drill",10,"Diagram of dual layup lines with player paths"
"Shadow Dribble Duel","[""Dribbling"",""Defensive stance & footwork""]","[""cones""]","12 minutes","Set up 5 cones in a wavy line from the baseline to the free-throw line, 7 feet apart. Pair players: one dribbles, the other defends. The dribbler weaves through the cones, using crossovers or hesitations to advance, while the defender mirrors in a low stance, staying 2–3 feet away without stealing. At the final cone, the dribbler takes a pull-up jump shot, and the defender contests lightly. Switch roles after each run. Run 5 rounds, with pairs competing for clean runs (no turnovers). Emphasize controlled dribbling, quick moves, and defensive balance.","For younger players, use 3 cones and allow basic hand switches. For older players, require two dribble moves per cone. Ensure cones are evenly spaced. Coaches should correct traveling and upright stances. Pair players of similar skill for fairness. A variation is to allow defenders to attempt steals in the final round. Clear extra equipment to avoid distractions. Encourage defenders to stay active but controlled.","This drill enhances dribbling creativity and control, helping players evade defenders in games. It also improves defensive stance and lateral quickness, teaching players to stay in front of ball handlers effectively.","Advanced","Drill",11,"Action shot of a dribbler and defender at a cone"
"Rebound and Outlet","[""Rebounding"",""Passing""]","[""markers""]","10 minutes","Place a marker 15 feet from the basket at the wing. Divide players into groups of three: a rebounder, a passer, and a shooter. The shooter, at the marker, takes a jump shot, intentionally missing. The rebounder, under the basket, grabs the rebound in a strong stance and pivots to make an outlet pass to the passer at the free-throw line. The passer catches and returns the ball to the shooter, who takes another shot. Rotate roles after each rep. Run 5 rounds, with 10 shots per round. Emphasize high rebounds and crisp outlet passes.","For ages 8–10, move the marker to 10 feet and toss softer misses. For ages 12–14, require a two-handed overhead pass. Ensure markers are visible. Coaches should monitor rebound grip and passing form. If groups are uneven, one player can rebound twice. A variation is to add a defender to pressure the rebounder. Clear the court of extra balls. Encourage players to call for passes.","This drill improves rebounding strength and positioning, helping players secure contested balls. It also enhances passing accuracy, teaching quick, reliable outlet passes to start fast breaks in games.","Intermediate","Drill",12,"Diagram of rebound and outlet passing setup"
"Spot-to-Spot Shooter","[""Shooting"",""Defensive stance & footwork""]","[""markers""]","11 minutes","Place 5 markers in an arc around the three-point line: one at the top, two at the wings, and two at the corners. Divide players into pairs: a shooter and a defender. The shooter starts at the first marker, receives a pass from a coach, and takes a jump shot. The defender, in a low stance, closes out to contest without fouling. After the shot, both sprint to the next marker, repeating the process. Complete all 5 spots, then switch roles. Run 4 rounds, tracking made shots. Emphasize quick shooting form and controlled close-outs.","For younger players, move markers to 10–12 feet. For older players, add a pump fake requirement for shooters. Use flat markers to avoid tripping. Coaches should ensure defenders don't overreach. Pair players of similar speed for fairness. A variation is to time each pair's circuit. Clear extra balls to maintain pace. Encourage shooters to square up quickly and defenders to stay balanced.","This drill improves shooting accuracy from multiple spots, helping players develop range and consistency. It also enhances defensive stance and close-out technique, teaching players to contest shots effectively without fouling.","Intermediate","Drill",13,"Diagram of arc markers with shooter and defender"
"Dribble Relay Race","[""Dribbling"",""Passing""]","[""cones""]","9 minutes","Set up two parallel lines of 4 cones, 8 feet apart, across half the court. Split players into two teams, each behind their first cone. The first player dribbles through the cones with their dominant hand, keeping the ball low, and makes a chest pass to the next teammate at the end. The teammate dribbles back through the cones and passes to the next player. The first team to finish 3 rounds wins. Run a final round with non-dominant hands. Emphasize controlled dribbling and accurate passes. Coaches correct sloppy handoffs and ensure players stay in their lanes.","For ages 8–10, reduce to 3 cones and allow slower dribbling. For ages 12–14, require a crossover at each cone. Ensure cones are aligned for clear lanes. Coaches should monitor passing form and lane discipline. If teams are uneven, adjust rotations. A variation is to add a time penalty for dropped balls. Clear extra equipment to avoid distractions. Encourage teams to cheer for momentum.","This drill boosts dribbling speed and control, helping players navigate defenses. It also improves passing accuracy, teaching players to deliver clean handoffs under pressure, which is key for team coordination in games.","Basic","Drill",14,"Action shot of players dribbling and passing in relay"
"Defensive Mirror Drill","[""Defensive stance & footwork"",""Rebounding""]","[""chairs""]","10 minutes","Place 3 chairs in a triangle, 12 feet apart, near the key. Pair players: one is the leader, the other the defender. The leader moves between chairs in any order, while the defender mirrors their movements in a low stance, sliding without crossing feet. After 45 seconds, the coach tosses a ball off the backboard; both players sprint to rebound, with the defender boxing out. The player who grabs the ball scores a point. Switch roles and run 5 rounds. Emphasize quick slides and strong box-out positioning.","For younger players, reduce to 2 chairs and toss softer rebounds. For older players, allow light contact during box-outs. Ensure chairs are stable. Coaches should correct upright stances and weak box-outs. Pair players of similar size for fairness. A variation is to add a second toss for chaos. Clear extra balls to maintain focus. Encourage defenders to stay low and vocalize positioning.","This drill enhances defensive stance agility and endurance, helping players shadow opponents effectively. It also improves rebounding competitiveness, teaching strong box-out techniques to secure possession in games.","Advanced","Drill",15,"Action shot of a defender mirroring a leader at chairs"
"Pass Under Pressure","[""Passing"",""Shooting""]","[""cones""]","11 minutes","Set up 3 cones in a line, 10 feet apart, from the wing to the top of the key. Divide players into groups of three: a passer, a shooter, and a defender. The passer starts at the first cone with a ball, the shooter at the second, and the defender in a stance between them. The passer makes a bounce pass to the shooter, who catches and moves to the third cone to take a jump shot. The defender slides to pressure the shooter without stealing. Rotate roles after each shot. Run 5 rounds, with 8 shots per round. Emphasize quick passes and balanced shooting.","For ages 8–10, shorten cone distance to 6 feet. For ages 12–14, require a chest pass instead. Ensure cones are aligned. Coaches should monitor passing accuracy and defender effort. If groups are uneven, one player can pass twice. A variation is to allow defenders to deflect passes in the final round. Clear extra equipment to maintain pace. Encourage shooters to call for the ball.","This drill improves passing precision under defensive pressure, helping players find open teammates. It also enhances shooting composure, teaching players to maintain form against defenders, which is crucial for clutch game moments.","Intermediate","Drill",16,"Diagram of cone passing setup with defender"
"Dribble Knockout","[""Dribbling"",""Defensive stance & footwork""]","[""markers""]","8 minutes","Mark a 15x15-foot square with 4 markers near midcourt. All players start inside with a ball, dribbling. On the coach's whistle, players try to knock away others' balls while protecting their own, staying in a low defensive stance. If a player's ball is knocked out or they step outside, they're out and move to the sideline for 5 squats before rejoining the next round. Run 5 rounds, shrinking the square by 2 feet each round. The last player standing wins. Emphasize controlled dribbling and active defensive footwork.","For younger players, use a 20x20-foot square and limit contact. For older players, allow steals within the square. Ensure markers are clear. Coaches should monitor for excessive pushing. If the group is large, split into two squares. A variation is to require non-dominant hand dribbling. Clear extra balls to avoid chaos. Encourage players to stay low and use quick moves.","This drill sharpens dribbling protection, helping players shield the ball in crowded situations. It also improves defensive stance and reaction speed, teaching players to stay balanced and disruptive on defense.","Basic","Drill",17,"Action shot of players dribbling in a tight square"
"Rebound Rotation","[""Rebounding"",""Shooting""]","[""chairs""]","12 minutes","Place 2 chairs 6 feet from the basket, one on each side of the key. Divide players into groups of four: two rebounders, a shooter, and a passer. The passer, at the wing, feeds the shooter at the free-throw line for a jump shot. The rebounders, starting at the chairs, box out each other to grab the rebound. The player who rebounds passes to the passer, and the group rotates: shooter to rebounder, rebounders to passer and shooter. Run 5 rounds, with 10 shots per round. Emphasize strong box-outs and quick shooting form.","For ages 8–10, move chairs to 4 feet and use softer shots. For ages 12–14, require a pivot before the rebound pass. Ensure chairs are secure. Coaches should monitor box-out form and shooting balance. If groups are uneven, adjust rotations. A variation is to add a second shooter for faster pace. Clear extra equipment to maintain flow. Encourage rebounders to communicate positioning.","This drill enhances rebounding competitiveness and positioning, helping players dominate the boards. It also improves shooting consistency, teaching players to shoot accurately under rotational pressure, which mirrors game scenarios.","Intermediate","Drill",18,"Diagram of chair setup with rebounder rotation"
"Zigzag Close-Out","[""Defensive stance & footwork"",""Shooting""]","[""cones""]","10 minutes","Set up 5 cones in a zigzag pattern across the key, 8 feet apart. Divide players into pairs: a shooter and a defender. The shooter starts at the first cone with a ball, while the defender begins 5 feet away in a low stance. The defender slides through the cones, staying low, while the shooter dribbles slowly to match. At each cone, the defender closes out as if contesting a shot, and the shooter pump-fakes. At the final cone, the shooter takes a real jump shot, and the defender contests. Switch roles after each run. Run 5 rounds, tracking made shots.","For younger players, reduce to 3 cones and shorten distances. For older players, require a crossover before the shot. Ensure cones are spaced evenly. Coaches should correct close-out form and pump-fake timing. Pair players of similar speed for balance. A variation is to allow defenders to block in the final round. Clear extra balls to maintain focus. Encourage shooters to sell the fake.","This drill improves defensive stance and close-out technique, helping players contest shots without fouling. It also enhances shooting under pressure, teaching players to read defenders and maintain composure for accurate shots.","Advanced","Drill",19,"Action shot of a defender closing out at a cone"
"Triangle Pass and Shoot","[""Passing"",""Shooting""]","[""markers""]","11 minutes","Place 3 markers in a triangle, 12 feet apart, around the key: one at the top, two at the wings. Divide players into groups of three. Player 1 starts at the top marker with a ball, passes to Player 2 at a wing, who passes to Player 3 at the other wing. Player 3 catches, dribbles to the basket, and shoots a layup. All players follow their pass to the next marker, rotating positions. Run 5 rounds, with 10 layups per round, alternating layup sides. Emphasize crisp passes and proper layup form.","For ages 8–10, move markers to 8 feet apart and allow two-handed layups. For ages 12–14, require bounce passes. Ensure markers are flat. Coaches should monitor passing accuracy and layup footwork. If groups are uneven, one player can pass twice. A variation is to add a defender at the basket. Clear extra equipment to maintain pace. Encourage players to call for passes and communicate.","This drill sharpens passing accuracy and teamwork, helping players move the ball quickly in games. It also improves layup finishing, teaching players to score efficiently in transition, which is critical for fast-break plays.","Basic","Drill",20,"Diagram of triangle passing setup with layup path"
"Dribble Dodge Circuit","[""Dribbling"",""Defensive stance & footwork""]","[""cones"",""chairs""]","10 minutes","Set up 4 cones in a square, 10 feet apart, and place a chair in the center. Divide players into two groups, each starting at opposite cones. The first player from each group dribbles toward the chair, performs a hesitation move to 'dodge' an imaginary defender, and continues to the next cone. At each cone, they switch hands (e.g., right to left) while maintaining a low stance. After circling the square twice, they pass to the next teammate. Run 4 rounds, with the final round requiring a spin move at the chair. Coaches ensure quick hand switches and low dribbling. The first group to finish cleanly (no turnovers) wins each round.","For younger players, reduce to 3 cones and skip the spin move. For ages 12–14, add a second chair for a double-dodge. Ensure chairs are stable and cones are evenly spaced. Coaches should watch for traveling during moves and correct upright stances. If groups are uneven, one player can go twice. A variation is to place a coach at the chair as a passive defender. Clear extra balls to avoid distractions. Encourage players to keep eyes up and call for passes.","This drill enhances dribbling control and agility, helping players evade defenders with creative moves. It also improves defensive stance and footwork, teaching quick directional changes for better on-ball defense in games.","Intermediate","Drill",21,"Diagram of square cone setup with central chair"
"Pass and Pop Shooter","[""Passing"",""Shooting""]","[""markers""]","9 minutes","Place 4 markers in a cross pattern around the key: one at the free-throw line, one at the baseline, and two at the wings (12 feet from the basket). Split players into pairs: a passer and a shooter. The shooter starts at the baseline marker, sprints to the free-throw marker, and receives a chest pass from the passer at the wing. The shooter catches, squares up, and takes a jump shot, then sprints to the next marker for another pass and shot. Complete all 4 markers, then switch roles. Run 5 rounds, tracking made shots. Emphasize crisp passes and quick shooting form.","For younger players, move markers to 8 feet from the basket. For older players, require bounce passes or a pump fake before shooting. Use flat markers to avoid tripping. Coaches should ensure passers throw catchable balls and shooters square their feet. Pair players of similar skill for balance. A variation is to add a 15-second time limit per circuit. Clear extra equipment to maintain pace. Encourage shooters to call for the ball and passers to lead their partner.","This drill improves passing accuracy and timing, helping players deliver precise passes to moving targets. It also enhances shooting off the catch, teaching players to shoot accurately in motion, which is key for perimeter scoring in games.","Basic","Drill",22,"Action shot of a shooter receiving a pass at a marker"
"Rebound gauntlet","[""Rebounding"",""Defensive stance & footwork""]","[""cones"",""markers""]","12 minutes","Set up 3 cones in a line, 8 feet apart, along the baseline, and mark a 5x5-foot box under the basket. Pair players: one rebounder, one defender. The rebounder starts at the first cone, the defender in a low stance in the box. The coach shoots a miss from the wing, and the rebounder sprints through the cones, weaving side to side, to enter the box and grab the rebound. The defender boxes out, using footwork to hold position without fouling. If the rebounder secures the ball, they attempt a putback; if the defender holds for 5 seconds, they win. Switch roles after each shot. Run 6 rounds, with 3 shots per round.","For younger players, reduce to 2 cones and toss softer misses. For ages 12–14, allow light contact in the box-out. Ensure markers and cones are clear. Coaches should monitor for illegal pushing and correct box-out form. Pair players of similar size for fairness. A variation is to add a second rebounder for competition. Clear extra balls to keep focus. Encourage rebounders to attack aggressively and defenders to stay wide and low.","This drill strengthens rebounding determination, teaching players to fight through obstacles for the ball. It also improves defensive stance and box-out technique, helping players maintain strong positioning to deny opponents rebounds in games.","Advanced","Drill",23,"Action shot of a rebounder and defender battling in the box" 